{
    "Average_Scalability_4_threads": {
        "Obstruction-Free": {
            "Average update time": 1.04,
            "Worst update time": 5.603999999999999,
            "Average scan time": 7.408000000000001,
            "Worst scan time": 13.258000000000001,
            "Average time": 1.722,
            "Worst time": 13.258000000000001
        },
        "Wait-Free": {
            "Average update time": 10.91,
            "Worst update time": 58.762,
            "Average scan time": 9.614,
            "Worst scan time": 16.228,
            "Average time": 10.760000000000002,
            "Worst time": 58.762
        }
    },
    "Worst_Scalability_4_threads": {
        "Obstruction-Free": {
            "Average update time": 0.9099999999999999,
            "Worst update time": 2.904,
            "Average scan time": 9.006,
            "Worst scan time": 15.235999999999999,
            "Average time": 1.7880000000000003,
            "Worst time": 15.235999999999999
        },
        "Wait-Free": {
            "Average update time": 11.646,
            "Worst update time": 59.83,
            "Average scan time": 9.806,
            "Worst scan time": 17.857999999999997,
            "Average time": 11.430000000000001,
            "Worst time": 61.89799999999999
        }
    },
    "Average_Scalability_8_threads": {
        "Obstruction-Free": {
            "Average update time": 1.1960000000000002,
            "Worst update time": 26.595999999999997,
            "Average scan time": 11.822,
            "Worst scan time": 33.896,
            "Average time": 1.948,
            "Worst time": 36.636
        },
        "Wait-Free": {
            "Average update time": 13.512,
            "Worst update time": 89.508,
            "Average scan time": 15.896,
            "Worst scan time": 62.166,
            "Average time": 13.722,
            "Worst time": 89.508
        }
    },
    "Worst_Scalability_8_threads": {
        "Obstruction-Free": {
            "Average update time": 1.044,
            "Worst update time": 16.276000000000003,
            "Average scan time": 10.277999999999999,
            "Worst scan time": 21.486,
            "Average time": 1.7899999999999998,
            "Worst time": 25.28
        },
        "Wait-Free": {
            "Average update time": 11.751999999999999,
            "Worst update time": 56.444,
            "Average scan time": 12.018,
            "Worst scan time": 41.966,
            "Average time": 11.785999999999998,
            "Worst time": 71.074
        }
    },
    "Average_Scalability_16_threads": {
        "Obstruction-Free": {
            "Average update time": 1.1620000000000001,
            "Worst update time": 53.67999999999999,
            "Average scan time": 16.637999999999998,
            "Worst scan time": 84.29,
            "Average time": 1.954,
            "Worst time": 88.35000000000001
        },
        "Wait-Free": {
            "Average update time": 22.346,
            "Worst update time": 388.28200000000004,
            "Average scan time": 27.406,
            "Worst scan time": 148.478,
            "Average time": 22.625999999999998,
            "Worst time": 388.28200000000004
        }
    },
    "Worst_Scalability_16_threads": {
        "Obstruction-Free": {
            "Average update time": 0.9879999999999999,
            "Worst update time": 25.674,
            "Average scan time": 12.988,
            "Worst scan time": 61.251999999999995,
            "Average time": 1.6420000000000001,
            "Worst time": 61.5
        },
        "Wait-Free": {
            "Average update time": 19.65,
            "Worst update time": 317.998,
            "Average scan time": 48.267999999999994,
            "Worst scan time": 328.286,
            "Average time": 21.04,
            "Worst time": 365.354
        }
    },
    "Average_Scalability_32_threads": {
        "Obstruction-Free": {
            "Average update time": 1.1300000000000001,
            "Worst update time": 146.07,
            "Average scan time": 25.826,
            "Worst scan time": 267.52000000000004,
            "Average time": 1.7739999999999998,
            "Worst time": 318.832
        },
        "Wait-Free": {
            "Average update time": 29.618000000000002,
            "Worst update time": 797.9060000000001,
            "Average scan time": 57.196000000000005,
            "Worst scan time": 659.216,
            "Average time": 30.380000000000003,
            "Worst time": 932.586
        }
    },
    "Impact_Update_Worst_10": {
        "Obstruction-Free": {
            "Average update time": 0.8559999999999999,
            "Worst update time": 85.286,
            "Average scan time": 10.472,
            "Worst scan time": 59.836,
            "Average time": 0.968,
            "Worst time": 92.04799999999999
        },
        "Wait-Free": {
            "Average update time": 21.992,
            "Worst update time": 1051.12,
            "Average scan time": 25.124000000000002,
            "Worst scan time": 219.186,
            "Average time": 22.038,
            "Worst time": 1051.12
        }
    },
    "Impact_Update_Average_8": {
        "Obstruction-Free": {
            "Average update time": 0.944,
            "Worst update time": 84.726,
            "Average scan time": 6.68,
            "Worst scan time": 19.786,
            "Average time": 1.034,
            "Worst time": 84.726
        },
        "Wait-Free": {
            "Average update time": 17.644,
            "Worst update time": 784.11,
            "Average scan time": 15.844,
            "Worst scan time": 134.73,
            "Average time": 17.601999999999997,
            "Worst time": 784.11
        }
    },
    "Impact_Update_Worst_6": {
        "Obstruction-Free": {
            "Average update time": 1.03,
            "Worst update time": 76.314,
            "Average scan time": 7.465999999999999,
            "Worst scan time": 38.246,
            "Average time": 1.1999999999999997,
            "Worst time": 88.86399999999999
        },
        "Wait-Free": {
            "Average update time": 15.764000000000001,
            "Worst update time": 966.3300000000002,
            "Average scan time": 9.7,
            "Worst scan time": 59.348,
            "Average time": 15.622,
            "Worst time": 966.3300000000002
        }
    },
    "Impact_Update_Average_4": {
        "Obstruction-Free": {
            "Average update time": 1.198,
            "Worst update time": 51.132,
            "Average scan time": 7.476000000000001,
            "Worst scan time": 31.077999999999996,
            "Average time": 1.52,
            "Worst time": 59.32000000000001
        },
        "Wait-Free": {
            "Average update time": 13.776,
            "Worst update time": 375.764,
            "Average scan time": 10.108,
            "Worst scan time": 46.946000000000005,
            "Average time": 13.559999999999999,
            "Worst time": 375.764
        }
    },
    "Impact_Update_Worst_4": {
        "Obstruction-Free": {
            "Average update time": 0.9480000000000001,
            "Worst update time": 37.029999999999994,
            "Average scan time": 9.876000000000001,
            "Worst scan time": 50.3,
            "Average time": 1.4080000000000001,
            "Worst time": 53.11999999999999
        },
        "Wait-Free": {
            "Average update time": 14.786000000000001,
            "Worst update time": 391.78200000000004,
            "Average scan time": 20.642,
            "Worst scan time": 136.31199999999998,
            "Average time": 15.075999999999999,
            "Worst time": 391.78200000000004
        }
    },
    "Impact_Update_Average_2": {
        "Obstruction-Free": {
            "Average update time": 0.9239999999999998,
            "Worst update time": 14.216,
            "Average scan time": 6.186,
            "Worst scan time": 18.892000000000003,